Date,Kernel,log returns
2019-01-02,11.928454384469704,-7.094952715464009
2019-01-03,7.230275405829722,-3.198070782489104
2019-01-04,7.2791192337406825,5.61941944451374
2019-01-07,6.862582480444189,5.284549022236318
2019-01-08,6.42048139352962,0.11637450026555918
2019-01-09,5.350791707191865,0.9231976515280405
2019-01-10,5.034114699187506,1.8937243657854985
2019-01-11,4.880473947605208,0.6732864640614178
2019-01-14,3.936557609207482,-3.7649503372862547
2019-01-15,4.505754492647994,2.891405502110045
2019-01-16,3.2646467781968322,0.5244640623730756
2019-01-17,2.824038778707976,0.37211760303703656
2019-01-18,9.343841759286063,-13.896326339084508
2019-01-22,6.744536498037792,-1.1078510432812383
2019-01-23,13.16940655835904,-3.8570583305074457
2019-01-24,7.81923595206063,1.4120481116662642
2019-01-25,3.7807834195256467,1.765266406713062
2019-01-28,5.756236475969678,-0.17023862796565759
2019-01-29,3.9104693988478596,0.40405455826810766
2019-01-30,3.7685795100346455,3.707426344707665
2019-01-31,9.200613552203869,-0.6040940748314849
2019-02-01,4.262731186760532,1.7470372486980246
2019-02-04,6.345321236461066,0.1391566056019311
2019-02-05,3.1393185365651,2.660767472383707
2019-02-06,3.7166205959529885,-1.2655621094471048
2019-02-07,4.690991204291488,-3.066625298036074
2019-02-08,4.160001425291708,-0.6048224761172616
2019-02-11,4.178430875973183,2.2874305070947454
2019-02-12,2.4077653703580766,-0.332981449406633
2019-02-13,2.6809720171523583,-1.2099458753997983
2019-02-14,3.615263930494113,-1.399081398643709
2019-02-15,1.5491005978716255,1.3422581417919854
2019-02-19,2.0394275238387123,-0.7416557357708076
2019-02-20,3.233956843949366,-1.0129333162839593
2019-02-21,4.118051822990993,-3.8238813462065036
2019-02-22,2.766362209890135,1.1982323709708087
2019-02-25,3.3462291240315962,1.2845976477768861
2019-02-26,5.357223694336715,-0.2331022931886917
2019-02-27,4.522164774002653,5.572094532873573
2019-02-28,4.1994999644443,1.5661015522585586
2019-03-01,10.88941157616947,-8.193084893748015
2019-03-04,8.803799368416486,-3.2348763595156704
2019-03-05,12.267235339605985,-3.0824236284472395
2019-03-06,6.861953600908205,-0.19539029988715484
2019-03-07,5.716529061404925,0.18093002945476222
2019-03-08,4.341178336880703,2.6859460675461744
2019-03-11,4.317466707428541,2.351330892991488
2019-03-12,4.8554127747519695,-2.629759888483152
2019-03-13,3.6447963484967763,1.9467630975241068
2019-03-14,3.721925007321501,0.36277615062343394
2019-03-15,4.451762927570814,-5.086501486692141
2019-03-18,6.043470374640359,-2.2124065668079673
2019-03-19,6.585772401044043,-0.7933445711158171
2019-03-20,2.766572045967846,2.2481165675514614
2019-03-21,3.096058250256652,0.21184127137758857
2019-03-22,3.228264039022308,-3.546536815910084
2019-03-25,7.149976735715863,-1.5390193676045438
2019-03-26,3.2427277415879123,2.7862649586307686
2019-03-27,4.579937470215465,2.601664904691914
2019-03-28,3.022724500495278,1.3171755030556564
2019-03-29,2.4082965899450164,0.4566749521797142
2019-04-01,3.0763411826937404,3.2832474537742407
2019-04-02,2.6005340732180753,-1.1792466423162562
2019-04-03,3.365375609405737,2.0709262459602584
2019-04-04,9.144708261517074,-8.569111324335621
2019-04-05,3.5629455263017498,2.638519928451011
2019-04-08,4.20364883521609,-0.6604537699853807
2019-04-09,2.61959367924469,-0.27495205663692346
2019-04-10,3.2065445010975506,1.3310434454694597
2019-04-11,3.8419578759281783,-2.7656609659502784
2019-04-12,1.959375233964874,-0.3133161832037157
2019-04-15,3.5217152214473697,-0.5168744418627469
2019-04-16,2.6303835532672113,2.6056363573992325
2019-04-17,2.2309630798887725,-0.7749556734079288
2019-04-18,2.0379140421972104,0.7420230203850853
2019-04-22,3.067432764574382,-3.8576798127810896
2019-04-23,4.593440121650231,0.41753714104788564
2019-04-24,2.9473438453364347,-2.0318669513973653
2019-04-25,10.888383199798046,-4.421985162359787
2019-04-26,7.517658667013955,-5.182506786458374
2019-04-29,6.526945255120169,2.740817483583813
2019-04-30,4.949995010913247,-1.1828050103054544
2019-05-01,5.122894866190185,-2.005822156471737
2019-05-02,8.536841276155366,4.234765208317048
2019-05-03,7.272451919057178,4.3965326206454325
2019-05-06,4.638739718846892,0.09014129277233884
2019-05-07,4.8023269789921255,-3.2690586420906165
2019-05-08,4.159418355611026,-0.8985443960344952
2019-05-09,4.6652073052812835,-1.1790700034992607
2019-05-10,3.8356387626150137,-1.0259908480578783
2019-05-13,8.167134454828759,-5.36011002582133
2019-05-14,4.437642679896502,2.247579257593779
2019-05-15,5.572742317043965,-0.1077377337079799
2019-05-16,3.2996093582211428,-1.5863345756856884
2019-05-17,5.4523097774455875,-7.852883539231703
2019-05-20,14.346431489790287,-2.777155513168861
2019-05-21,13.246065342283327,-0.11699898960539912
2019-05-22,9.500112412487939,-6.187229022665441
2019-05-23,23.66836674461762,1.452735212835421
2019-05-24,7.105249647298058,-2.4933653247808607
2019-05-28,6.126086521782729,-1.04627448403245
2019-05-29,9.407173211703173,0.6127534887275132
2019-05-30,4.478186706918707,-0.904600555870605
2019-05-31,5.092181070553097,-1.4991179130927623
2019-06-03,7.155012501395388,-3.496610224558916
2019-06-04,7.852198644787471,7.995246369242359
2019-06-05,8.051701845016499,1.3726207824991565
2019-06-06,10.588278546023579,4.65130791625743
2019-06-07,6.38891811396582,-0.7554562552537725
2019-06-10,5.977077698317976,4.064976833988165
2019-06-11,6.95014311231042,1.9422150977620234
2019-06-12,10.92660047255874,-3.6382148195102104
2019-06-13,7.304320779034009,2.1693234725412847
2019-06-14,5.351482817502345,0.4478246043637224
2019-06-17,6.676864874184268,4.624917692192154
2019-06-18,8.81441320312639,-0.12451086631646291
2019-06-19,5.867582577770753,0.7182473794566491
2019-06-20,7.262243041838768,-3.0364481016427636
2019-06-21,4.8587870880426705,1.0419592320429771
2019-06-24,3.7006132298347856,0.7855852580115119
2019-06-25,3.854488488680834,-1.7956719798242649
2019-06-26,5.609989987392971,-0.17542465227569082
2019-06-27,4.08108194065617,1.5992740511871606
2019-06-28,2.9876568786008084,0.2420657448813035
2019-07-01,4.580899654985567,1.6914567211104181
2019-07-02,4.389037794968703,-1.1333572704891104
2019-07-03,6.545233372473278,4.483884936052629
2019-07-05,3.253588597374627,-0.7477868410539212
2019-07-08,2.938556380650595,-1.2017015694262057
2019-07-09,1.923090550873101,-0.13248630922038096
2019-07-10,3.188684687878504,3.778862339624345
2019-07-11,3.0710363046325884,-0.14240840103076913
2019-07-12,2.0579305761053526,2.679839466750078
2019-07-15,3.173330672508607,3.3821296000099643
2019-07-16,3.581729706550403,-0.4467735018789387
2019-07-17,2.943503204253545,0.9700774050626304
2019-07-18,2.0737412678542544,-0.5035812042652132
2019-07-19,1.9964786810081794,1.7631763084151597
2019-07-22,2.2921977187629086,-0.9324485270540528
2019-07-23,2.1433650346857975,1.7237293130412112
2019-07-24,2.053530398449517,1.851269874228878
2019-07-25,7.342643064808651,-14.65995014054644
2019-07-26,3.4689819117104443,-0.34583176280471584
2019-07-29,3.7544442633018407,3.337811470060048
2019-07-30,3.4455777843113733,2.7029803385098194
2019-07-31,6.027113649352927,-0.26041143165196345
2019-08-01,5.88019966095751,-3.2238810936778606
2019-08-02,5.272457352750284,0.11747996182096543
2019-08-05,4.708976095838544,-2.4812165462773983
2019-08-06,3.9041544146017504,0.9149194653588211
2019-08-07,3.77295232964044,1.21558460476483
2019-08-08,2.650265035545528,2.0482873722773576
2019-08-09,2.677534992792304,-1.3055512135634384
2019-08-12,3.937662323656709,-2.6371745454401463
2019-08-13,3.732585509078181,2.5648510435322347
2019-08-14,5.2015545417170665,-6.762736837403516
2019-08-15,7.103713097338302,-1.845202227656273
2019-08-16,2.9950803931969134,1.9885388087069966
2019-08-19,2.8376704049857593,3.0672444115206865
2019-08-20,3.1773783301678216,-0.428663625663539
2019-08-21,3.7560670054290948,-2.24376281933103
2019-08-22,4.1688359727365345,0.5690558215859731
2019-08-23,6.263185833136979,-4.915050830197387
2019-08-26,3.1670906435533652,1.6978973620949578
2019-08-27,3.667160082380871,-0.4007647844989748
2019-08-28,2.6313484386890926,0.6655056557823169
2019-08-29,2.4436134684507187,2.778877739257002
2019-08-30,3.2380219665072123,1.7596286461415644
2019-09-03,4.163678440540783,-0.2218771711214984
2019-09-04,3.165678675752188,-1.9967012197132483
2019-09-05,3.5985284973490614,3.963025817192589
2019-09-06,2.19744447411749,-0.9079733759977504
2019-09-09,2.8783580236324524,1.8660385778740185
2019-09-10,3.3129486775418906,1.592226755022752
2019-09-11,3.535335491734671,4.816313515385584
2019-09-12,5.4559853256707465,-0.5071107644226469
2019-09-13,2.3231228667429313,-0.24432964062581775
2019-09-16,2.237628887083898,-1.0615941485744518
2019-09-17,1.786472669709326,0.8656997056496696
2019-09-18,2.422013148835813,-0.5571273269264765
2019-09-19,1.8580024539577598,1.2715105741066157
2019-09-20,3.009448673585152,-2.4450292685343378
2019-09-23,2.933150099128741,0.26980486657341984
2019-09-24,5.8231016821645145,-7.772405807563176
2019-09-25,6.373045278642259,2.429914416113599
2019-09-26,7.2406107663119466,5.888172778571699
2019-09-27,7.190138728779581,-0.20015069564163213
2019-09-30,3.6340744942621064,-0.48034213146226357
2019-10-01,3.6788673686328655,1.5547929063625343
2019-10-02,4.488164756474814,-0.5943492994686661
2019-10-03,7.915167582916422,-4.296723915224332
2019-10-04,4.66075380808545,-0.6803919108092416
2019-10-07,4.1539227139506885,2.681605850688662
2019-10-08,5.173607368105293,0.9545412843531498
2019-10-09,3.0219189964563804,1.8699077432484668
2019-10-10,2.8955029839408803,0.08584217830462926
2019-10-11,2.9599983168768738,1.2586954111038384
2019-10-14,3.0847079834273505,3.6098136769678213
2019-10-15,2.517678752626461,0.34189395749812945
2019-10-16,2.339631194227105,0.7476923133233004
2019-10-17,2.1044491192392827,0.8490788823047879
2019-10-18,2.3319653452180855,-1.9230991337149117
2019-10-21,2.531442740262499,-1.3791700799488549
2019-10-22,2.1269950599689227,0.8250871889995626
2019-10-23,2.1806630385016263,-0.31155420081017127
2019-10-24,13.461882557099008,16.25346295020944
2019-10-25,8.062702513928906,9.070774643913904
2019-10-28,11.958848638651242,-0.20740567430097556
2019-10-29,6.251132811601649,-3.5174197137609386
2019-10-30,4.513376759737835,-0.40562864591033865
2019-10-31,3.443857394690572,0.02857460372180931
2019-11-01,2.448586516517195,-0.5730492266335485
2019-11-04,3.6133006594345507,1.3367677868706185
2019-11-05,3.852051502719049,-0.08351915516588981
2019-11-06,2.814225064074093,2.966654885589648
2019-11-07,4.45416906499393,2.610183528565324
2019-11-08,2.642978479148729,0.526418751013269
2019-11-11,4.4485966943044835,2.339528004807878
2019-11-12,2.5522898745373097,1.395605703158953
2019-11-13,4.036850614923278,-1.1582752684706765
2019-11-14,3.8778313190819156,0.9923998085987762
2019-11-15,1.869892915063576,0.8167033942783064
2019-11-18,2.0414582086833706,-0.6422556486011644
2019-11-19,2.422159602293103,2.6921612920856486
2019-11-20,3.5209667115599297,-2.014424267286108
2019-11-21,2.5355806334404636,0.704178472939665
2019-11-22,5.9868397097699955,-6.368781925725964
2019-11-25,4.118107995265943,0.9817844983127877
2019-11-26,2.448572900675135,-2.1965027839752516
2019-11-27,2.125782133180691,0.6379051140122716
2019-11-29,0.927294339424479,-0.3025354761087673
2019-12-02,2.880439974721254,1.4558399461544358
2019-12-03,2.71275530259494,0.3487699718284887
2019-12-04,1.5532977663331091,-0.9147498916471264
2019-12-05,1.6362838565136861,-0.7990032406556047
2019-12-06,1.9227410026405323,1.6542204619927503
2019-12-09,2.0103610233268756,1.0514721087254042
2019-12-10,2.284647832453849,2.740534471043077
2019-12-11,1.6115872206209128,1.0182196551464795
2019-12-12,2.266255376658399,2.043395186107233
2019-12-13,2.2097554861945303,-0.36348736829530104
2019-12-16,4.386750906554988,6.25710904606227
2019-12-17,3.74779890848149,-0.6811961693432789
2019-12-18,3.3258189337161363,3.6738931420483567
2019-12-19,4.391044036756994,2.7103290141552883
2019-12-20,4.095045485375258,0.39288897695612945
2019-12-23,3.2634134014273637,3.3168424815807285
2019-12-24,2.2665516153701772,1.423621172373979
2019-12-26,1.8043090165312952,1.3293967102050441
2019-12-27,2.985711592919285,-0.10798071329540804
2019-12-30,4.993515365122737,-3.7231985663657152
2019-12-31,4.170928603698107,0.8715855264237682
2020-01-02,2.8557593110423745,2.8121070961076633
2020-01-03,6.553813012227072,2.868532725371331
2020-01-06,2.4734008075367067,1.957009619409611
2020-01-07,3.821949691447466,3.8347173879019536
2020-01-08,8.913627012951569,4.773907985644454
2020-01-09,12.56363534455364,-2.1610026896945023
2020-01-10,5.315024737473649,-0.7461787925032048
2020-01-13,6.428786834398475,9.350364246698684
2020-01-14,15.96729186046795,2.4727930512082885
2020-01-15,7.57379753096599,-3.676564535635851
2020-01-16,7.689356698399703,-0.982518441093827
2020-01-17,3.9219625101080635,-0.5859506208028442
2020-01-21,4.866276493979544,6.979047948860684
2020-01-22,13.061058016738732,3.959725462435948
2020-01-23,12.17106203715351,0.4476357716229007
2020-01-24,5.7067389766308985,-1.2409409457025067
2020-01-27,7.5461534055459305,-1.2905933284110382
2020-01-28,5.721443623513301,1.6121995146766377
2020-01-29,4.023132803549155,2.4708963842812626
2020-01-30,13.004077611039873,9.812268165827165
2020-01-31,5.9861493346042876,1.4529600855841096
2020-02-03,40.788935351902325,18.2256198196296
2020-02-04,91.30958601953866,12.68319539267777
2020-02-05,79.34929234058643,-18.702893886286496
2020-02-06,61.37711159862273,1.8795974491673473
2020-02-07,24.851141154049053,-0.07616706343336332
2020-02-10,29.437386344821338,2.9938866802595943
2020-02-11,11.132953557576485,0.40976898624607294
2020-02-12,6.3627141661232685,-0.8629188880490801
2020-02-13,20.24524603574801,4.652120039531971
2020-02-14,8.540767696954878,-0.49009008238778407
2020-02-18,10.208371369183753,7.083716459029121
2020-02-19,13.878473385318703,6.574608382659353
2020-02-20,14.763342241098094,-1.947966963800507
2020-02-21,10.040210821531236,0.17942106816608572
2020-02-24,14.342655060328774,-7.8196312746937835
2020-02-25,23.19082856566344,-4.172709217272752
2020-02-26,14.724464383771402,-2.591127228769219
2020-02-27,43.553990604551956,-13.728290079653416
2020-02-28,56.807231978005305,-1.6869919434811198
2020-03-02,29.96652887521759,10.81830422212775
2020-03-03,51.200075321775984,0.24375761220984948
2020-03-04,22.51504773925858,0.535118333786011
2020-03-05,15.571152307073403,-3.513992482360173
2020-03-06,15.478405745361124,-2.8340672679170176
2020-03-09,39.307982896282,-14.828694601538261
2020-03-10,25.74856158281332,6.161154277127379
2020-03-11,25.52755297850974,-1.8408715521816
2020-03-12,54.400727597715715,-13.003733644730131
2020-03-13,62.32998570506646,-1.8350137833394342
2020-03-16,89.195298429195,-20.46495441139511
2020-03-17,106.04363253668538,-3.4019374191700535
2020-03-18,93.0267251993666,-17.21409968618395
2020-03-19,114.41661124455295,16.5139801402856
2020-03-20,88.7397408498175,0.1789966140994803
2020-03-23,75.84018596781497,1.5138534347694854
2020-03-24,44.57969076880351,15.010306545579066
2020-03-25,47.253927808635396,6.617824615497447
2020-03-26,29.889524560855108,-2.1560640210980253
2020-03-27,23.55126967226651,-2.4266284453365206
2020-03-30,17.75141752179327,-2.626423529211408
2020-03-31,25.255777956174637,4.450463018384276
2020-04-01,16.6882016309352,-8.633214685005663
2020-04-02,25.51140656045005,-5.793389877092192
2020-04-03,30.69772676458734,5.562402041710035
2020-04-06,13.09818900809291,7.280650327599858
2020-04-07,18.2055750579581,5.498436644526272
2020-04-08,12.325189061839197,0.5977478930799585
2020-04-09,10.654976521086892,4.335209771109305
2020-04-13,14.980508694472357,12.753943651767008
2020-04-14,23.765865278028038,8.696656933289004
2020-04-15,22.802957922417807,2.741990774481584
2020-04-16,17.334591607763905,2.1116064520434463
2020-04-17,8.62705777846433,1.0973836556447125
2020-04-20,15.16022521713662,-1.0162526447342835
2020-04-21,30.121799473524185,-8.273955770904085
2020-04-22,13.568189470997277,6.449119704213535
2020-04-23,11.832369916263733,-3.7399623477186505
2020-04-24,8.649185152141772,2.7080634059112096
2020-04-27,15.408917380431534,9.707664376614833
2020-04-28,12.483926684343281,-3.831989109229106
2020-04-29,7.585557789117803,3.949580255907259
2020-04-30,32.15736414283239,-2.3375420832265625
2020-05-01,52.788767668271134,-10.80702569288543
2020-05-04,16.668985655513136,8.190446585735156
2020-05-05,12.738438734454087,0.8835117816055504
2020-05-06,7.401229998087324,1.871190660928912
2020-05-07,7.389501785057876,-0.28156414582909406
2020-05-08,6.895191127611617,4.85429600920515
2020-05-11,9.473722141708214,-1.0333282102878094
2020-05-12,8.934230021066965,-0.18582833209452865
2020-05-13,16.320425812290825,-2.328746902822454
2020-05-14,11.970486660373714,1.5813384075472392
2020-05-15,5.925867451994137,-0.491800177411017
2020-05-18,5.941550065052058,1.7772237566836768
2020-05-19,3.809811378006792,-0.6783868137996141
2020-05-20,3.2031657061614416,0.9190312674215217
2020-05-21,5.310383578599699,1.4874235059894048
2020-05-22,3.935854837315056,-1.370992649693381
2020-05-26,3.4404499829882367,0.31674040947979876
2020-05-27,8.252821805574605,0.13665871617769554
2020-05-28,3.323048140922897,-1.7379335533075135
2020-05-29,3.801612262224576,3.423400673528487
2020-06-01,5.730402245975087,7.330777814537726
2020-06-02,8.136523034272155,-1.8101567954547093
2020-06-03,3.767610058309606,0.12472363995650326
2020-06-04,4.012203076091131,-2.087356882135083
2020-06-05,2.9810498606274543,2.4188182728663854
2020-06-08,4.923381615352049,7.00411531123839
2020-06-09,5.934763358434129,-1.0160215250603066
2020-06-10,8.5982812552518,8.63959852609728
2020-06-11,9.613367837136275,-5.216153507318655
2020-06-12,12.568569048820137,-3.95673979678266
2020-06-15,10.883501514601543,5.776008910492525
2020-06-16,13.753514780810011,-0.92892797498072
2020-06-17,4.738515691081691,0.9178237619298812
2020-06-18,5.188930440756814,1.3367292725437352
2020-06-19,3.0141895497154185,-0.3302621649211801
2020-06-22,2.829364729990675,-0.6054792145279819
2020-06-23,2.1023102748209044,0.7133584003138793
2020-06-24,11.06271223868247,-4.148111791004094
2020-06-25,6.988798280329497,2.5652573372676457
2020-06-26,6.200415768600775,-2.5704606028382315
2020-06-29,5.9773611751416285,4.971594087373443
2020-06-30,8.331568154327261,6.697146798210252
2020-07-01,10.62283494564229,3.610500464211608
2020-07-02,11.103372128062595,7.654477829024575
2020-07-06,11.778471544239196,12.608138260121926
2020-07-07,26.990909141090825,1.3759699596060493
2020-07-08,13.040111758697726,-1.7786746880076976
2020-07-09,9.079040606432924,2.0524004364527393
2020-07-10,14.290381554975898,10.462556875766715
2020-07-13,94.19446978058781,-3.515594058428384
2020-07-14,54.15699661581316,1.4567952567341003
2020-07-15,20.512080591967205,1.9844596891124944
2020-07-16,16.040778049584127,-2.999817991830156
2020-07-17,7.17482770509887,-0.025324891837819052
2020-07-20,17.647078830940245,9.052945294742099
2020-07-21,22.219680367141784,-4.771492371128261
2020-07-22,11.317871496995796,1.5694174784572468
2020-07-23,42.74929732433146,-5.003975800965055
2020-07-24,24.228805281547498,-6.667200324622247
2020-07-27,16.986682385377684,8.47421998565494
2020-07-28,18.489474021887762,-4.331564626460782
2020-07-29,9.444335491441903,1.6443183639597514
2020-07-30,7.646373197159422,-0.8295357939832826
2020-07-31,10.882924511736254,-3.8264346049405873
2020-08-03,9.409392680054422,3.659227082355354
2020-08-04,8.266404204905145,0.08851687699413802
2020-08-05,3.717479723031669,-0.07201919925741151
2020-08-06,3.9512392552607585,0.3032067589641585
2020-08-07,5.981295614217773,-2.486883927540884
2020-08-10,10.142016611166566,-2.311980152062798
2020-08-11,10.606420782523655,-3.2853210023726653
2020-08-12,14.453375485448586,12.362715787048462
2020-08-13,14.60385126353532,4.151097316563757
2020-08-14,7.36411794848162,1.8813585892669238
2020-08-17,12.008324162400088,10.570438837019847
2020-08-18,14.24252872254699,2.8109285222629232
2020-08-19,8.92309701560643,-0.47518638904460175
2020-08-20,10.476546419870559,6.244495942550454
2020-08-21,12.205889865016799,2.465511329348402
2020-08-24,29.44188194343437,-1.746380350245147
2020-08-25,9.316343958915468,0.4744227191909367
2020-08-26,6.735982860712088,6.174200154244591
2020-08-27,24.97469683075794,3.926983838915099
2020-08-28,17.096569543113635,-1.1335739206965734
2020-08-31,38.016805768131334,11.84497841235217
2020-09-01,30.938259001605,-4.795397078559116
2020-09-02,55.99978802981827,-6.010057154690163
2020-09-03,45.562604192355835,-9.469574046087637
2020-09-04,89.35386784726849,2.6034074745517444
2020-09-08,62.295045032342166,-23.56637007686615
2020-09-09,36.55451046354589,10.413260091182064
2020-09-10,46.47229263638173,1.2022996387216267
2020-09-11,34.44846258379537,0.4387683858545266
2020-09-14,22.651770305592535,11.99681902989962
2020-09-15,26.81333404329742,6.8741111648617625
2020-09-16,23.50726289160464,-1.7669394342807898
2020-09-17,27.584003928144423,-4.237853700770788
2020-09-18,19.165454608112505,4.070201471829016
2020-09-21,48.358997737211176,1.8756375956312965
2020-09-22,20.148340448642855,-5.830184366422841
2020-09-23,29.75037779611143,-10.88473281301825
2020-09-24,44.79989524006525,1.9405440610644753
2020-09-25,18.256725023547848,4.915247745156215
2020-09-28,8.805342040128886,3.3519993225874067
2020-09-29,7.609003590090921,-0.49521552564080196
2020-09-30,7.703696280123176,2.3260702902041963
2020-10-01,5.103595030666908,4.363121537502934
2020-10-02,12.758630265315468,-7.638839252252172
2020-10-05,5.95684862135482,2.4914734134076966
2020-10-06,9.703024239846064,-2.7689531122502054
2020-10-07,5.180578432150907,2.700773161566694
2020-10-08,4.819049685469384,0.17153670508687213
2020-10-09,2.1959485918631647,1.867735043558838
2020-10-12,3.726530209984412,1.8085988049824309
2020-10-13,3.639145854724755,1.0401048312479233
2020-10-14,6.000386000551074,3.260919024722586
2020-10-15,5.635783332602652,-2.724844477589272
2020-10-16,3.528710169980909,-2.063924359106206
2020-10-19,6.307459489988824,-2.044732145618511
2020-10-20,6.701613766944242,-2.0968964190370976
2020-10-21,5.093421014340536,0.18944333023735993
2020-10-22,8.33147554325688,0.7424639011864187
2020-10-23,5.797468868338918,-1.2357650319815505
2020-10-26,6.2811827778519005,-0.07848827241163647
2020-10-27,3.67893272287173,1.022639344858156
2020-10-28,5.803168429573111,-4.479438966742322
2020-10-29,4.226170153643116,1.165594272836401
2020-10-30,11.155611799074066,-5.669453217299836
2020-11-02,7.170196265065494,3.147409991301675
2020-11-03,6.9708795939185,5.643168184873648
2020-11-04,8.918796853470528,-0.7199344318749468
2020-11-05,4.903733524706827,4.042618721975089
2020-11-06,4.295939867213974,-1.884804995266709
2020-11-09,9.404501393260631,-2.0847553391182494
2020-11-10,11.74637358292979,-2.5668031750401887
2020-11-11,5.501080487060259,1.569086286936372
2020-11-12,5.799263623389828,-1.207879684386448
2020-11-13,4.74674476788358,-0.7909996939430286
2020-11-16,4.994981259404461,-0.14571817749109428
2020-11-17,13.786000020033365,7.900811083584802
2020-11-18,16.637037214863785,9.664337343211216
2020-11-19,16.57516199146491,2.6006853498576454
2020-11-20,6.810074663836725,-1.9970112624576153
2020-11-23,8.325004062931551,6.36734266228407
2020-11-24,9.184051205883685,6.38263651812947
2020-11-25,7.281710171254521,3.211293233671153
2020-11-27,5.6251593051077515,2.026368106834031
2020-11-30,21.5660184240778,-3.391038212660824
2020-12-01,10.991379021868013,3.2885529359478305
2020-12-02,19.320381484951394,-2.8427254355616327
2020-12-03,8.45182048240797,4.2158068608604715
2020-12-04,4.417813546084738,0.9662559241687241
2020-12-07,7.878049067687547,6.929555244127972
2020-12-08,8.943410998467037,1.2430596829995366
2020-12-09,21.780713880046367,-7.291698401921476
2020-12-10,19.582983028020486,3.7258479145319434
2020-12-11,9.212905431888785,-2.787028534547531
2020-12-14,9.117393514203977,4.730584687804562
2020-12-15,9.507626488460094,-1.0464222547657442
2020-12-16,7.776347596639123,-1.6283898072334324
2020-12-17,7.474667281189067,5.187730163700532
2020-12-18,42.2611116222733,1.389305559344134
2020-12-21,14.079319108776078,-2.370738380197235
2020-12-22,10.742661544499265,-1.4017906699955063
2020-12-23,6.0254407603023745,0.8706793397090351
2020-12-24,3.748207067210482,2.392282944762325
2020-12-28,6.69714903236616,0.2995719948697406
2020-12-29,4.6502160091082665,0.3572547112107749
2020-12-30,4.401322647428896,4.213408569294419
2020-12-31,5.87655110806737,1.542799585723742
2021-01-04,9.990090494762745,3.4058415458704694
2021-01-05,5.083733761333211,0.7065189276855399
2021-01-06,8.03885431863093,2.83341167322666
2021-01-07,6.182182022703717,7.649636616202571
2021-01-08,16.139386985547908,7.519155174519998
2021-01-11,18.8116192936015,-8.146505563991813
2021-01-12,8.834171193731514,4.614563576722475
2021-01-13,7.887005199107306,0.5722266366227302
2021-01-14,5.622454137852547,-1.192154821253677
2021-01-15,9.365630770321149,-2.1272940724489153
2021-01-19,4.073065022055703,2.1563097026023215
2021-01-20,3.8876876781956637,0.693273332179789
2021-01-21,2.4409341559102677,-0.6334921531834681
2021-01-22,2.5259761193034933,0.2600166930021075
2021-01-25,13.029263852610262,3.8899467762746553
2021-01-26,5.226777426878142,0.29757962370213775
2021-01-27,8.904015789432727,-2.174172810192143
2021-01-28,17.06589733181406,-3.4063920197928255
2021-01-29,16.922209990214917,-5.205709289783922
2021-02-01,8.14475989736146,5.747638398845201
2021-02-02,5.263316508176169,3.8257818421484124
2021-02-03,4.656790379893525,-2.093298932723986
2021-02-04,3.644250173706008,-0.5655367124535182
2021-02-05,3.9537476841228387,0.2960737177024164
2021-02-08,4.163285127168108,1.2567343849562818
2021-02-09,2.6403689456048234,-1.5975302962035975
2021-02-10,9.343722710836554,-5.380566369342521
2021-02-11,5.522168587659519,0.8233095610084007
2021-02-12,5.83313878032313,0.5400254568059815
2021-02-16,3.5838575192908064,-2.460637772038421
2021-02-17,9.567961288720278,0.2552581718568092
2021-02-18,4.732939851780386,-1.3710853458640315
2021-02-19,3.289767102752938,-0.7649390928582633
2021-02-22,11.717110293216807,-8.949258573694863
2021-02-23,48.0704667170653,-2.2662455968164963
2021-02-24,15.937389378894261,6.046965147946715
2021-02-25,28.037869402614504,-8.36136699229062
2021-02-26,25.375167693587557,-1.699339008743106
2021-03-01,10.640400328545084,6.8299138609884125
2021-03-02,9.206468708360314,-4.5869999560387065
2021-03-03,15.388157367602036,-5.060171923246504
2021-03-04,44.09224525992536,-4.819519434764885
2021-03-05,66.41813209793918,-3.974750208770761
2021-03-08,34.20934751130437,-5.940975682334582
2021-03-09,27.084280597019017,17.937751368220578
2021-03-10,33.28315104194818,-0.7929333722232812
2021-03-11,13.41074051557902,4.581645965446057
2021-03-12,11.704384027526215,-0.8152063057389469
2021-03-15,10.399309613863272,1.973424390495282
2021-03-16,8.622358867144255,-4.464124136021308
2021-03-17,15.993065881202497,3.5828235955095877
2021-03-18,10.45561362469659,-7.113433415626602
2021-03-19,16.444037811919912,0.20335310164174558
2021-03-22,10.980153734187839,2.308567145344842
2021-03-23,8.401171969624054,-1.1468669770223983
2021-03-24,8.38336104627165,-4.989970981144598
2021-03-25,19.234613384820165,1.61829584413411
2021-03-26,11.125832342305518,-3.4246767305579517
2021-03-29,12.609003294116903,-1.1899290231305315
2021-03-30,11.830772504202768,3.91100100500843
2021-03-31,7.03894716893326,4.941151236523922
2021-04-01,6.061333107568723,-1.0759506990147827
2021-04-05,7.744634458802204,4.441755614028597
2021-04-06,5.05491329131967,0.06582683440612414
2021-04-07,4.295011784845489,-2.9955302771582204
2021-04-08,3.6420354891433924,1.8807758404221886
2021-04-09,3.017407663339677,-0.9950330853165212
2021-04-12,4.955363463680457,3.5549626630237974
2021-04-13,4.6640600323987265,8.325045279747645
2021-04-14,9.571630761587196,-3.9421152967174855
2021-04-15,7.0206786667500785,0.8044723976825097
2021-04-16,5.237286664820419,0.08523131346018786
2021-04-19,8.588601737646496,-3.4182310248005443
2021-04-20,7.793374708047977,0.5887786632365
2021-04-21,5.512994314402415,3.4482403560181396
2021-04-22,8.704853161931048,-3.3175613628344536
2021-04-23,4.640786217545371,1.326277557413924
2021-04-26,4.365727162084759,1.1721546225893498
2021-04-27,5.5267976509976675,-4.611488413579767
2021-04-28,4.155879661277527,-1.4435214712283262
2021-04-29,5.6143807748993995,-2.5700296512451537
2021-04-30,5.928531450575235,4.741659921513008
2021-05-03,5.070227126467715,-3.579338519559805
2021-05-04,8.196106390960983,-1.581950568741508
2021-05-05,5.617437527993884,-0.42363182172806546
2021-05-06,7.818919887792983,-1.1671681039452153
2021-05-07,5.4899587478747245,1.2892391584937712
2021-05-10,7.043093338142532,-6.627078510312323
2021-05-11,18.149788476361298,-1.927689317139425
2021-05-12,12.313600302843259,-4.501472524300265
2021-05-13,16.266837423460135,-3.147968032703119
2021-05-14,6.991064910688654,3.084375564995412
2021-05-17,9.944876942488577,-2.2030363642416617
2021-05-18,8.329105918918444,0.18364841697167122
2021-05-19,13.431470216922488,-2.5294729019611495
2021-05-20,4.89323373587432,4.071902271846284
2021-05-21,4.255629578227931,-0.9780070931988405
2021-05-24,5.9185923809681755,4.323495733153493
2021-05-25,4.892661357996447,-0.2988008925503216
2021-05-26,4.248625352199689,2.336707625524692
2021-05-27,4.642306114249316,1.9164293847457436
2021-05-28,3.1220838504718498,-0.8656822732010738
2021-06-01,2.8410034412983625,-0.2720698176561065
2021-06-02,2.9562281777128336,-3.0691031618640174
2021-06-03,7.932625638707098,-5.485432240472754
2021-06-04,3.762134554875165,4.505650912876025
2021-06-07,4.5262608518510925,0.9797813275967293
2021-06-08,4.627285047171769,-0.261442383421695
2021-06-09,3.545060027881252,-0.773424787671928
2021-06-10,4.393431375935466,1.8593799760686203
2021-06-11,2.4784938549515783,-0.0409825993620494
2021-06-14,3.953132468519045,1.2708100444775106
2021-06-15,2.4632524927073876,-3.039128127924773
2021-06-16,5.26450988559757,0.936026135826129
2021-06-17,3.309243412751648,1.8778164406926479
2021-06-18,3.3791666068544126,1.13261726092162
2021-06-21,4.886083525679553,-0.42443793621309567
2021-06-22,3.596177253583343,0.4773662356435615
2021-06-23,4.174971090253619,5.145523108669003
2021-06-24,4.800663759992085,3.4621691959065615
2021-06-25,3.6927998094319046,-1.1809762546115543
2021-06-28,4.02853831885877,2.4179426362788803
2021-06-29,2.871983375270733,-1.0840768880275853
2021-06-30,3.582778036419366,-0.14259151424145244
2021-07-01,3.462215226875276,-0.27399295332077855
2021-07-02,4.173728356185866,0.13561722648169905
2021-07-06,5.662458412910329,-2.9206793023809574
2021-07-07,3.7850753479194807,-2.21609345088547
2021-07-08,6.712133046261903,1.3049323574536587
2021-07-09,3.6938342229636314,0.538862673058027
2021-07-12,5.102206390173294,4.270740487249736
2021-07-13,4.614443615853519,-2.4483665916044117
2021-07-14,4.43079229591015,-2.303089025328653
2021-07-15,4.992371946346844,-0.4246421073263562
2021-07-16,3.8292987488149355,-1.0330782058129095
2021-07-19,6.5179210796214635,0.370293326347948
2021-07-20,3.1766029367512183,2.1222863211610488
2021-07-21,3.0370241770001845,-0.8026066858874081
2021-07-22,2.7855882510387695,-0.9507524233254294
2021-07-23,2.0376685257354232,-0.8829037454818334
2021-07-26,4.575565392948702,2.239564859899623
2021-07-27,9.014562597973827,-2.0105461627136556
2021-07-28,4.293255424987131,0.33752431869631394
2021-07-29,4.25050485208414,4.583652716055742
2021-07-30,4.822721965762438,1.5070820773879667
2021-08-02,5.926052832725182,3.157870859082035
2021-08-03,4.023986810427068,0.04226483206295484
2021-08-04,3.249445807451329,0.10980503672435304
2021-08-05,2.789961383809504,0.534629314041446
2021-08-06,1.9648776283842453,-2.2130995348482507
2021-08-09,2.968844728022123,2.100377711242274
2021-08-10,2.346538844265836,-0.5457988198116048
2021-08-11,1.8117381456132358,-0.30898841539821476
2021-08-12,2.68784247347217,2.0331148769694884
2021-08-13,3.1509111773390135,-0.684275170221138
2021-08-16,4.007846946155354,-4.435544372496203
2021-08-17,4.966205382614702,-2.9866212201380193
2021-08-18,5.18343035505588,3.440295004718319
2021-08-19,4.419485524286818,-2.3304355304173185
2021-08-20,2.755282375713371,0.9881923129657189
2021-08-23,2.525080470743177,3.770166132888253
2021-08-24,2.502582154792681,0.32091410227490513
2021-08-25,1.816345852025414,0.3466159137297531
2021-08-26,1.9821292223266995,-1.3876694105230847
2021-08-27,1.6002423670325376,1.5036440496795755
2021-08-30,2.990383008031795,2.652848292101684
2021-08-31,3.0554988272554753,0.6613645439476734
2021-09-01,1.7136229088691157,-0.2279152869955503
2021-09-02,1.5180312981054531,-0.24755273135017575
2021-09-03,1.2686585000399182,0.16782991720534213
2021-09-07,2.1891235825443522,2.6104819273041535
2021-09-08,2.593550126022785,0.14267941035148723
2021-09-09,2.089435059008153,0.11598430541530647
2021-09-10,1.6777383174401708,-2.5153074949084697
2021-09-13,4.401159568258656,0.933006565309924
2021-09-14,2.583556790921672,0.21242563010241966
2021-09-15,2.0424666704511005,1.509540588903313
2021-09-16,1.6727970615395737,0.1335254888304327
2021-09-17,2.061599781827546,0.4014838520216557
2021-09-20,3.746658882051906,-3.979669878114578
2021-09-21,2.354988420929209,1.2234691027860123
2021-09-22,1.7951868183541255,1.6872944185342575
2021-09-23,1.407862275142903,0.23911379920180664
2021-09-24,1.6493679606986313,2.7320796152300098
2021-09-27,3.81869669572901,2.14643134403385
2021-09-28,4.221206310705289,-1.7592172839139053
2021-09-29,3.747838921595179,0.4811186607730278
2021-09-30,3.37450958932775,-0.7631663321816973
2021-10-01,3.4213440422033945,-0.028377576745697297
2021-10-04,5.777769945449294,0.8344114265626423
2021-10-05,3.239236372356991,-0.13506292720055768
2021-10-06,2.8522782848147004,0.2635553328239837
2021-10-07,1.9315735127564597,1.3830952619338532
2021-10-08,2.080853339972829,-1.057808755126377
2021-10-11,1.9608668217562037,0.8193544310238998
2021-10-12,3.0958264759704783,1.762910310859489
2021-10-13,1.5905018403701232,0.6852137482603382
2021-10-14,0.828288492459215,0.8114605928892793
2021-10-15,0.9364955661093615,3.032213809528539
2021-10-18,2.02678753964476,3.165009547229314
2021-10-19,1.73372015410783,-0.6976866351612543
2021-10-20,1.4929976189804597,0.1919164481027913
2021-10-21,3.7268916850974305,3.1537524931603222
2021-10-22,2.813232354429223,1.7770061846992036
2021-10-25,12.020829818883144,11.936132516980003
2021-10-26,21.535572514246205,-0.6608050595255044
2021-10-27,10.41636120965308,1.9347817443065018
2021-10-28,7.4840056335724,3.658644764700636
2021-10-29,5.496540076940349,3.423647595404322
2021-11-01,12.673567697991956,8.187335475342739
2021-11-02,16.71160958135031,-3.1280371943352314
2021-11-03,9.413364227191403,3.510191172881161
2021-11-04,5.811481562479372,1.2981030209242128
2021-11-05,4.139354717564932,-0.6477636538446241
2021-11-08,10.991417327046182,-4.954630818231198
2021-11-09,56.58130287196744,-12.753279190493938
2021-11-10,26.19101396031063,4.236256061676968
2021-11-11,11.101859481555639,-0.4025698555097712
2021-11-12,7.493792209224571,-2.8967210381393826
2021-11-15,11.941857445471655,-1.9010409641430748
2021-11-16,8.536992498915561,3.9772997751676087
2021-11-17,10.672338215247644,3.2091707491807675
2021-11-18,8.824927686433785,0.6542879046089745
2021-11-19,5.190705952344965,3.660834467237617
2021-11-22,14.310168852991177,1.6542996093975582
2021-11-23,20.776489535872216,-4.18777141084492
2021-11-24,13.795339371002052,0.6472514505617255
2021-11-26,5.717081889706273,-3.02375271468458
2021-11-29,8.043149680796514,4.8809514882637295
2021-11-30,10.084691530759724,0.7068684788801072
2021-12-01,9.765211387138912,-4.534975580905254
2021-12-02,16.30837874290964,-0.8729110514187788
2021-12-03,19.39464577748012,-6.618270748367383
2021-12-06,22.83071607563318,-0.6497331291540398
2021-12-07,7.386363713020652,4.187035078784973
2021-12-08,5.076751468873777,1.5378386940405164
2021-12-09,5.859599274125319,-6.248713604549483
2021-12-10,10.7201809540378,1.311867530619537
2021-12-13,10.000578646861527,-5.087663580217328
2021-12-14,12.637309333200143,-0.7568257904225995
2021-12-15,12.588385062240278,1.6778266448645773
2021-12-16,11.92059352833264,-5.064799453274027
2021-12-17,12.212488504135608,0.4466815811658087
2021-12-20,10.024493066922298,-3.390895819156281
2021-12-21,6.706579045617882,4.23040560223118
2021-12-22,7.445724859215537,7.140387818600491
2021-12-23,7.573338731646134,5.694906013610268
2021-12-27,6.701416534213386,2.4281302470455124
2021-12-28,8.359432039977852,-0.4443779846480922
2021-12-29,6.263690814200815,-0.3053353240832557
2021-12-30,4.507460767402547,-1.4230295791568537
2021-12-31,3.2975555476450826,-1.2532305251706788
2022-01-03,8.07485475990367,12.659514069619249
2022-01-04,13.3269092923198,-4.278108033922923
2022-01-05,11.737186084898003,-5.496276739078976
2022-01-06,19.029078616563673,-2.159293051584932
2022-01-07,13.620529588371452,-3.6177728682695864
2022-01-10,20.503636683324352,3.029968089850499
2022-01-11,12.725798653075117,0.5586843558733179
2022-01-12,7.449782749548057,3.899430289240513
2022-01-13,11.715100332258478,-7.032394845096146
2022-01-14,12.787395250620014,1.7536975860213744
2022-01-18,11.62148510660404,-1.855051813142783
2022-01-19,12.320728557548154,-3.4649197617572014
2022-01-20,8.698151168986428,0.06427380862792376
2022-01-21,18.87864660112214,-5.475181861068101
2022-01-24,50.163117542662455,-1.3140176364265344
2022-01-25,22.796077707431323,-1.3271587751327196
2022-01-26,27.048593811772875,2.1873331169784294
2022-01-27,29.206687104322135,-12.398953782379785
2022-01-28,28.325254275433988,2.00271126166518
2022-01-31,11.015247433054087,10.17335070155827
2022-02-01,12.525894930742867,-0.6415805477477221
2022-02-02,10.239750669623007,-2.7214082688231223
2022-02-03,11.788013193853908,-1.5915661969359007
2022-02-04,11.809489721864635,3.472393090238146
2022-02-07,10.360190171357386,-1.6993551577718868
2022-02-08,9.2293272072467,1.6072067381010413
2022-02-09,5.0945491253848285,1.078759112899963
2022-02-10,7.657424132303191,-2.94089207704733
2022-02-11,9.885078601617328,-5.182324581719477
2022-02-14,12.182510398949272,1.8980013979673416
2022-02-15,5.093195005410285,5.174651738729796
2022-02-16,5.117037775087134,0.09537228424214561
2022-02-17,4.9488102779374294,-5.201534778813066
2022-02-18,8.585165153325311,-2.2350973416594755
2022-02-22,14.4155883967459,-4.240437958013388
2022-02-23,12.456628083004109,-7.2390057705523425
2022-02-24,39.80311077312357,4.65664186018353
2022-02-25,14.271476573556251,1.1613089831127965
2022-02-28,14.514573201391306,7.299156719671984
2022-03-01,14.096734461663653,-0.7547379564838863
2022-03-02,12.917016688431298,1.7496232877725504
2022-03-03,9.294827331999103,-4.7291015677418
2022-03-04,11.756953203720304,-0.08344758188227885
2022-03-07,13.586442665156707,-4.113261719696393
2022-03-08,23.779339749370557,2.397371935780157
2022-03-09,10.203108239572147,4.126667170177889
2022-03-10,7.66724009098806,-2.4751988479935427
2022-03-11,7.466364459623755,-5.213780624205722
2022-03-14,17.551926677075958,-3.761122693934471
2022-03-15,11.445124196958213,4.582492831884544
2022-03-16,12.2934196066817,4.710534894451701
2022-03-17,7.002200905452606,3.638548777171291
2022-03-18,6.549102090452546,3.782869159918789
2022-03-21,9.954771397455609,1.7490476007563593
2022-03-22,9.264086388141163,7.573002373023741
2022-03-23,16.033376378058932,0.5438722565786591
2022-03-24,9.625413112950126,1.4475368371416053
2022-03-25,6.643056246556451,-0.301289846264563
2022-03-28,10.626716664342338,7.733361753920764
2022-03-29,7.664253130012045,0.7080709182564426
2022-03-30,5.21518519800457,-0.5497800601258263
2022-03-31,3.6799685604597174,-1.4671135526460155
2022-04-01,4.143921646080264,0.6049244719293689
2022-04-04,5.3238255218585495,5.4849302908612785
2022-04-05,7.850143597816733,-4.863479100730217
2022-04-06,13.425823287943333,-4.270785218287809
2022-04-07,9.640077703588942,1.1199177375199376
2022-04-08,6.120789736367285,-3.0562128594062266
2022-04-11,7.913803840110115,-4.973991732697325
2022-04-12,7.737397485710238,1.1392941068397278
2022-04-13,4.765157434607351,3.5651951631802348
2022-04-14,4.79822211472521,-3.762469395145285
2022-04-18,6.592741813346329,1.957436580507732
2022-04-19,4.929862652162611,2.327751747015405
2022-04-20,7.730053871188103,-5.117606802459118
2022-04-21,13.380389601449702,3.257183917090156
2022-04-22,10.477232222789368,-0.4110941474220198
2022-04-25,14.108763588536952,-0.698954418171116
2022-04-26,18.63125696759387,-12.991925834032436
2022-04-27,14.688651040856591,0.6085892163785189
2022-04-28,23.216801023770536,-0.4854350871234203
2022-04-29,13.14432464592162,-0.836547246347763
2022-05-02,24.119737311267,3.721071024888012
2022-05-03,14.013650803298937,0.6775273092881839
2022-05-04,17.274461144752102,4.7086218818011005
2022-05-05,15.478126057220878,-8.749314954029952
2022-05-06,21.44553580997908,-0.8700282305158069
2022-05-09,19.05325439357075,-9.522355196612331
2022-05-10,21.729427113848303,1.6318920566476436
2022-05-11,24.029664212453678,-8.560676994357319
2022-05-12,60.433443656001494,-0.8725199632471536
2022-05-13,16.022069821199896,5.551564936524578
2022-05-16,22.616007106480616,-6.055559393604515
2022-05-17,16.053642233466995,5.047362588960613
2022-05-18,15.501253537976853,-7.052505202851478
2022-05-19,25.639670080864096,-0.0803150648001072
2022-05-20,26.210532056607523,-6.631619905601482
2022-05-23,25.787952321234012,1.6388544006489703
2022-05-24,19.97426599250607,-7.11840517013016
2022-05-25,21.2099491341758,4.662849315303408
2022-05-26,15.713631457272301,7.182964383837032
2022-05-27,7.551876159715842,7.10241432169898
2022-05-31,15.891098213807098,-0.2003005176438144
2022-06-01,13.090280244227438,-2.3854354344907236
2022-06-02,12.531446705723809,4.563107617566775
2022-06-03,14.468164335309233,-9.646729139064192
2022-06-06,10.61262651800571,1.6157809191629902
2022-06-07,9.710338744106142,0.20957045742191482
2022-06-08,7.649946855513656,1.251039187108649
2022-06-09,10.78289880896938,-0.9069006906283761
2022-06-10,12.67354217250996,-3.130685547739276
2022-06-13,15.414347172232032,-7.385741101135501
2022-06-14,15.386561151905765,2.4059290796508037
2022-06-15,26.01190440516395,5.293608569302144
2022-06-16,13.58697934713436,-8.927691446112895
2022-06-17,9.951330035187333,1.6690838549218157
2022-06-21,9.465160219955736,8.959369868482536
2022-06-22,10.904253491126488,-0.3776514035361167
2022-06-23,12.580664825882584,-0.45422142463698023
2022-06-24,5.423606051690365,4.445176257083627
2022-06-27,9.192563354404497,-0.30433565600729295
2022-06-28,10.094599809498725,-5.165788811491723
2022-06-29,11.802861011588304,-1.8186032667938612
2022-06-30,15.093923569114406,-1.6688847945913743
2022-07-01,11.088729025086938,1.1667745519620354
2022-07-05,11.761734603045605,2.526831269870655
2022-07-06,11.87221931631565,-0.6210710096155481
2022-07-07,4.585665293669776,5.388697545387799
2022-07-08,6.186992607575278,2.52942903253377
2022-07-11,9.77632976072384,-6.758009142976107
2022-07-12,11.260756739037415,-0.5376165363609076
2022-07-13,15.364511442230041,1.5944052471923875
2022-07-14,9.694109700160995,0.6074952216454044
2022-07-15,5.976604321759307,0.7177681145448922
2022-07-18,6.621979787799514,0.2344211636334137
2022-07-19,6.491975159389992,1.9903952579357842
2022-07-20,6.632836150929457,0.8142992958976691
2022-07-21,10.999036723646123,9.380266954536687
2022-07-22,7.794570394758009,0.17646630887524495
2022-07-25,6.541003525965357,-1.4478529339056578
2022-07-26,5.103028386999918,-3.618730616543697
2022-07-27,6.407240328256804,5.9539830206448485
2022-07-28,6.6308361038490915,2.2582340189034156
2022-07-29,4.56322178138043,5.6072208832171455
2022-08-01,10.848708327599883,0.06167820992288853
2022-08-02,11.318749350614002,1.0754740168886556
2022-08-03,6.83992753646544,2.2508715590209505
2022-08-04,6.132701958532036,0.4025848754165118
2022-08-05,6.996930270228911,-6.858099747755286
2022-08-08,8.183574431544967,0.7788955151715626
2022-08-09,8.487316074452863,-2.4844699262851933
2022-08-10,9.465965415938928,3.7889354019540633
2022-08-11,6.431449594328047,-2.6017522431722284
2022-08-12,6.035081944466769,4.53820137627714
2022-08-15,6.311391195991617,3.0389759085537094
2022-08-16,6.861477539095344,-0.8606044834883697
2022-08-17,5.558524544103828,-0.8571091095817884
2022-08-18,3.495387698031339,-0.38453134615554774
2022-08-19,3.0429773660786847,-2.05071519303317
2022-08-22,3.945761837021725,-2.2796959885394763
2022-08-23,4.555880945922344,2.184145808998661
2022-08-24,3.202326045639773,0.2572153658069176
2022-08-25,6.89883509239703,-0.36411489606447134
2022-08-26,7.646946361557572,-2.7114734969349463
2022-08-29,6.266441958336657,-1.1448242028558653
2022-08-30,7.607351692035268,-2.527550438213133
2022-08-31,6.630482057116342,-0.8242400795488436
2022-09-01,7.099316223917506,0.6260311024637311
2022-09-02,5.9062805506155565,-2.5427885181817267
2022-09-06,6.9277689272301375,1.547629174713716
2022-09-07,5.142082084838483,3.330506219891216
2022-09-08,4.93285646329334,1.9300834725036076
2022-09-09,2.3242169314898335,3.531896187550032
2022-09-12,2.438513174308589,1.5955320267299733
2022-09-13,4.429575269949091,-4.147078791053804
2022-09-14,5.229048105639117,3.5376923836215823
2022-09-15,5.964620705750302,0.34961610861525827
2022-09-16,5.157254317991188,-0.16146308804803056
2022-09-19,4.332333029185725,1.941586616356794
2022-09-20,4.59699724404893,-0.14727423987572763
2022-09-21,9.537984100611764,-2.6321627234880296
2022-09-22,6.6660248774912825,-4.136601233033055
2022-09-23,5.69747669244073,-4.674038002935532
2022-09-26,7.831055161446839,0.26477591138345247
2022-09-27,6.872563341596349,2.4863109775593806
2022-09-28,5.926141468179503,1.6539728084661753
2022-09-29,6.434569570073735,-6.976519598604902
2022-09-30,9.50421628000921,-1.13931450119793
2022-10-03,11.308468109093328,-9.051599131947441
2022-10-04,17.51120645634448,2.9596859289063637
2022-10-05,8.662746360703492,-3.6013108145782624
2022-10-06,9.384446463314118,-1.0982009029533835
2022-10-07,6.731341140764955,-6.5947471142852265
2022-10-10,9.78178426761698,-0.0156984111288061
2022-10-11,11.341630461202168,-2.88279145841015
2022-10-12,11.209323913671353,0.27662534928900584
2022-10-13,17.060802414535182,2.037120140888593
2022-10-14,12.356666301559601,-7.803347957371098
2022-10-17,8.372222140854715,6.815036349590997
2022-10-18,9.676563905330276,0.3411187443487229
2022-10-19,8.586681986999116,0.9557342939457314
2022-10-20,17.7484671622867,-7.0542432004818245
2022-10-21,12.305376761986818,3.4623585559019787
2022-10-24,11.534078362912451,-1.5408770128859217
2022-10-25,7.653120597720329,5.157493819520109
2022-10-26,10.971506544761304,0.9887560140537488
2022-10-27,11.564669898632115,0.20902366908570613
2022-10-28,11.057816163058925,1.4773271570915014
2022-10-31,8.605401221192967,-0.38596539142154995
2022-11-01,8.825925947561663,0.13613510215675362
2022-11-02,14.38859721627432,-5.8649021609545215
2022-11-03,9.720019797631654,0.22312099620318548
2022-11-04,11.279662293572516,-3.7467132477624787
2022-11-07,8.32647580232299,-5.13313512063851
2022-11-08,10.561972722358538,-2.97945330735514
2022-11-09,14.492156516272237,-7.417432721970396
2022-11-10,16.912471590405847,7.092782613550597
2022-11-11,15.435448786920617,2.718845122917024
2022-11-14,14.524207176473567,-2.574717007402505
2022-11-15,14.516088084456163,1.8267243811624034
2022-11-16,9.012941191425304,-3.946552353446453
2022-11-17,8.932512102615188,-2.026439168843819
2022-11-18,7.377974168405172,-1.6318244351717581
2022-11-21,7.710139050018595,-7.1048028152209675
2022-11-22,8.594336594851791,1.1903139976538135
2022-11-23,8.828463394590088,7.603615935253671
2022-11-25,4.735071030693399,-0.21710494419213688
2022-11-28,7.4650554436626555,0.020501746137213672
2022-11-29,7.707357506032357,-1.1629156884732872
2022-11-30,9.869469322069966,7.4190926432136095
2022-12-01,8.701081463150906,0.02567196378953085
2022-12-02,7.383604852036101,0.03592968086900683
2022-12-05,8.857958392776023,-6.586000015369553
2022-12-06,8.710640037142666,-1.429818170186703
2022-12-07,9.023769418999665,-3.3067870927103726
2022-12-08,7.8145291020854675,-0.32235809632474854
2022-12-09,10.809427306756628,3.1777526312333215
2022-12-12,8.386099624758218,-6.519408300734941
2022-12-13,14.73242060172517,-4.119714933812713
2022-12-14,17.417300465260034,-2.6055596071804743
2022-12-15,14.434846225553141,0.5658892863093179
2022-12-16,9.601349159576444,-4.8853569679392805
2022-12-19,13.203897105471478,-0.19993342214821297
2022-12-20,15.699349577818236,-8.423761810274044
2022-12-21,14.919315107182344,-0.18523568358377318
2022-12-22,15.671519536438765,-9.28483853734443
2022-12-23,18.017183132763318,-1.8114249674324512
2022-12-27,17.596234554336416,-12.0834237144817
2022-12-28,31.50434938811605,3.273659027659903
2022-12-29,15.273984934481735,7.772639715435137
2022-12-30,12.64377172209333,1.1345671228238707
2023-01-03,20.176103957704836,-13.111105132150236
2023-01-04,23.594729432532116,5.016839061484291
2023-01-05,15.593401787437145,-2.92677682957585
2023-01-06,24.608345052367014,2.3796522737900894
2023-01-09,17.6650382628497,5.834737530928891
2023-01-10,14.7332395909393,-0.8045635086942227
2023-01-11,13.401251480542003,3.603100050501329
2023-01-12,14.8414436091818,0.2594035177046372
2023-01-13,13.084781446471789,-0.9190418882218943
2023-01-17,11.242696069730874,7.148995544118275
2023-01-18,14.17411451318449,-2.090775621095986
2023-01-19,11.92376650178556,-1.234873058186814
2023-01-20,8.720302008226785,4.798095714811268
2023-01-23,9.182910952638927,7.464858648674522
2023-01-24,12.018510658640347,0.11471678382486417
2023-01-25,10.87470920624208,0.40566600367784034
2023-01-26,15.958275559998858,10.345558824829215
2023-01-27,16.948814815163757,10.431785058660736
2023-01-30,18.03094950461376,-6.437736772854752
2023-01-31,14.57417473105906,3.807448932149171
2023-02-01,20.87377611287286,4.573393821894278
2023-02-02,17.415939495042263,3.8348713513871147
2023-02-03,23.080300170483667,0.7928159920489897
2023-02-06,15.791665938765602,2.5366503824161057
2023-02-07,15.773320207464959,1.0136817767993023
2023-02-08,12.626818676466447,2.258180728494885
2023-02-09,13.0670047783004,2.9079785504666944
2023-02-10,14.176793677219914,-5.138218158340813
2023-02-13,13.869058223768,-1.1546056538922045
2023-02-14,15.674408075878185,7.262772835950404
2023-02-15,12.343591253549963,2.3308216159035666
2023-02-16,15.326120777027908,-5.881432889131677
2023-02-17,15.96569446489493,3.1052189036005373
2023-02-21,12.698980041902097,-5.442060573023788
2023-02-22,16.920000205704174,1.815606405577963
2023-02-23,9.886501753694963,0.5459883519193909
2023-02-24,9.250294283974599,-2.592468501129197
2023-02-27,7.6552821312354284,5.326746837535357
2023-02-28,7.1899873492925055,-0.9242075800717231
2023-03-01,7.019740761471427,-1.4493716968860149
2023-03-02,10.359182931464597,-5.9962079323996775
2023-03-03,5.603194733378711,3.5371187823731276
2023-03-06,5.227041800043358,-2.0659306538398425
2023-03-07,7.392273115813173,-3.195846931534163
2023-03-08,7.379119124519302,-3.053858249307595
2023-03-09,7.0783202453758856,-5.157088903175655
2023-03-10,15.08766413194652,0.30896751546807266
2023-03-13,19.47499087545556,0.5892938361418132
2023-03-14,9.744617335530261,4.948598721287656
2023-03-15,13.362676626701045,-1.5116407122192754
2023-03-16,6.71725219472733,1.9036699630747833
2023-03-17,7.170049885240325,-2.1532195172304647
2023-03-20,9.05880954318177,1.7339088584850337
2023-03-21,5.95704509939149,7.539344454700725
2023-03-22,10.745654398931176,-3.3892826319360303
2023-03-23,7.478684519405334,0.6158522635241859
2023-03-24,7.107079573440784,-0.9435881660063927
2023-03-27,5.5622362573271875,0.7508898094143568
2023-03-28,4.108441203053896,-1.3739201639652698
2023-03-29,4.020494418064936,2.4601406456873143
2023-03-30,3.6668292888368548,0.698872320375532
2023-03-31,3.6232708682103674,6.045592069417172
2023-04-03,6.355990957688561,-6.307097153706831
2023-04-04,5.338905200732624,-1.0788593479787778
2023-04-05,4.482392765887362,-3.8029809523433045
2023-04-06,4.902709008633131,-0.23208754177028723
2023-04-10,5.563033614563619,-0.3030633340302735
2023-04-11,4.732587362289146,1.2389062314160704
2023-04-12,6.528682393605504,-3.425234789437237
2023-04-13,4.3846646746754345,2.926132671989201
2023-04-14,3.9475613587873375,-0.469167954193761
2023-04-17,4.639761931474447,1.0645834184844993
2023-04-18,3.1023015613547047,-1.4491055419223464
2023-04-19,4.238718027372524,-2.0669028885145657
2023-04-20,8.875724883049191,-10.22140810667267
2023-04-21,5.376159095697524,1.2620964407128454
2023-04-24,5.568831557526401,-1.5262811549287214
2023-04-25,5.615000009365079,-1.160195549256482
2023-04-26,6.842974771653711,-4.47714877796459
2023-04-27,6.5234443016384285,4.143622916678336
2023-04-28,5.445798648359548,2.5706454819252045
2023-05-01,4.616995672000825,-1.5579314122136978
2023-05-02,6.549306504210546,-0.9190898703812955
2023-05-03,8.133734059127892,0.19943914370159632
2023-05-04,6.02803946272158,0.36667639977219224
2023-05-05,3.7722838962438776,5.362308452111009
2023-05-08,4.038075933817571,1.0236701365016643
2023-05-09,2.867712025308532,-1.5837965972703927
2023-05-10,4.888368412427752,-0.3553874498021692
2023-05-11,5.185105641730555,2.06713567555612
2023-05-12,7.023859457858459,-2.394020754600845
2023-05-15,4.821380207997197,-0.951049427006545
2023-05-16,4.065158084165917,0.0841042942763437
2023-05-17,4.323461349891685,4.295986257799456
2023-05-18,4.138931338902654,1.750579273234898
2023-05-19,5.26739078771048,1.8037683754943856
2023-05-22,4.854604157242826,4.769776364975975
2023-05-23,5.925284657275592,-1.686722668191365
2023-05-24,5.771204136887202,-1.5815860363628254
2023-05-25,4.9699354448673,0.8468050547342898
2023-05-26,5.419506992676668,4.630554952526289
2023-05-30,7.595109999060518,4.078264608885451
2023-05-31,8.334295598587207,1.347802486671501
2023-06-01,8.542602447604345,1.7355385670500212
2023-06-02,6.506342467606095,3.0752672540499404
2023-06-05,7.629889185250024,1.668481955125145
2023-06-06,5.456889739369977,1.6953420677663367
2023-06-07,8.95716075442478,1.4802459207857055
2023-06-08,5.577360998024148,4.4585330390092714
2023-06-09,11.58814508972019,4.018984824339267
2023-06-12,6.170532464423729,2.1929106276252774
2023-06-13,6.282888984213227,3.49201885504149
2023-06-14,10.35777862276772,-0.7798142367116512
2023-06-15,7.119896472479769,-0.3726506375680394
2023-06-16,6.436446528451217,1.8226518760434018
2023-06-20,4.793344880314007,5.231196922008419
2023-06-21,12.507069153480348,-5.63893684144432
2023-06-22,8.39148639009098,1.961820103517109
2023-06-23,8.55819874364989,-3.0898046198259976
2023-06-26,9.19699361855262,-6.228272201392748
2023-06-27,9.785275057667384,3.7297703210764865
2023-06-28,7.479411149934122,2.4361115487935514
2023-06-29,6.731805016513827,0.45145046512500286
2023-06-30,3.0862000447926925,1.602437894123998
2023-07-03,4.21841570325242,6.741469737926309
2023-07-05,3.864768313929165,0.8997055764675466
2023-07-06,4.138345171568335,-2.121687429670338
2023-07-07,3.3665369304884067,-0.7805023921497067
2023-07-10,5.568371895717592,-1.7907852940677316
2023-07-11,3.817388749160345,0.10383446753579051
2023-07-12,3.5532503735698504,0.8084357140621279
2023-07-13,2.535794273078384,2.160398250862894
2023-07-14,4.220087329975601,1.2407861257383246
2023-07-17,4.083654192773544,3.127550535299317
2023-07-18,2.946019034993475,1.0279695785326837
2023-07-19,3.917291858680633,-0.7768557746408611
2023-07-20,8.000389848076772,-10.175201978323223
2023-07-21,8.201262864289726,-1.1360933135525109
2023-07-24,7.4455117972045075,3.4780855159952218
2023-07-25,4.949686661254921,-1.4521213247188136
2023-07-26,5.2132100010647076,-0.2982653750657427
2023-07-27,4.505367613238773,-3.3683833453045153
2023-07-28,3.9558795330790244,4.148033628907655
2023-07-31,3.481288115962044,0.36326226633169867
2023-08-01,2.764379588066308,-2.429177334536625
2023-08-02,5.144325683534606,-2.6901185508270586
2023-08-03,4.067380792623515,2.002170258335756
2023-08-04,4.7570946428450664,-2.1439137264331443
2023-08-07,7.075927397754709,-0.9302392662313252
2023-08-08,5.27920936306261,-0.7144170395068983
2023-08-09,4.818522388641655,-3.0377450147870633
2023-08-10,5.627442738339686,1.304473333995837
2023-08-11,5.0092612108348,-1.1229626204103837
2023-08-14,5.11948215701801,-1.177410890485131
2023-08-15,3.7511272990120332,-2.8982630631531947
2023-08-16,5.9444745099996315,-3.210604646273474
2023-08-17,4.932577809623322,-2.869030813790996
2023-08-18,7.804935520681594,-1.6907642977871618
2023-08-21,5.191904551817415,7.055218561210186
2023-08-22,6.238323775463587,0.8224474202147114
2023-08-23,5.597183225237057,1.5531235753337036
2023-08-24,6.052220041727454,-2.9218545999139423
2023-08-25,7.405779033826526,3.666415826949798
2023-08-28,6.867682490322489,0.09215818346630655
2023-08-29,5.177263421234859,7.425749949806537
2023-08-30,6.214110920582312,-0.12836722564033565
2023-08-31,5.6122889924009485,0.45825322911072774
2023-09-01,7.085376399483741,-5.221342939199225
2023-09-05,5.920019132202604,4.5994745586686925
2023-09-06,5.574266214319299,-1.7700273311692882
2023-09-07,6.532700706720407,-0.20259406695073423
2023-09-08,5.764557187647018,-1.2202347801141933
2023-09-11,6.838960393410862,9.672534423794588
2023-09-12,5.952652849342147,-2.291643750701411
2023-09-13,5.191248233018148,1.4328913633228524
2023-09-14,4.073688726084199,1.7138160866970509
2023-09-15,4.5733472511575775,-0.588664490587476
2023-09-18,5.265800169525284,-3.410390182885692
2023-09-19,4.202272564449676,0.47400585326737854
2023-09-20,6.556180289287537,-1.4878385486561285
2023-09-21,6.083182126455395,-2.645978651635428
2023-09-22,5.786431662020321,-4.369287470496541
2023-09-25,6.285633973102193,0.9475660073757552
2023-09-26,5.709737184791936,-1.193035181076052
2023-09-27,6.659003413253778,-1.481447441543704
2023-09-28,5.666503613851715,2.402925053774041
2023-09-29,5.459032276468832,1.5704599161882271
2023-10-02,7.903687277504189,0.5339509019982813
2023-10-03,5.663052806744299,-1.9989426922328413
2023-10-04,4.7972371969583,5.723949711251386
2023-10-05,4.654295838123524,-0.45858877486910643
2023-10-06,4.43296861899055,0.21708443116530418
2023-10-09,3.3916290356113152,-0.34987251899556426
2023-10-10,4.391725106943428,1.4947047135947855
2023-10-11,3.3022215669950272,-0.22696958001251488
2023-10-12,3.9850203331847043,-1.5531520743598648
2023-10-13,5.188832302481023,-3.0471153417416907
2023-10-16,4.211818201369819,1.089098109819453
2023-10-17,4.213779524037118,0.3852660345863512
2023-10-18,5.22761746807071,-4.971266440659505
2023-10-19,12.333904939595861,-9.687428898352568
2023-10-20,8.715254732115207,-3.7871389925529186
2023-10-23,9.039039724425795,0.0471742625975935
2023-10-24,6.763003418433877,2.109369356617652
2023-10-25,7.923734200920668,-1.9444344684935722
2023-10-26,9.653615562466827,-3.1909713011317287
2023-10-27,7.945221865988747,0.7796083357122896
2023-10-30,9.248879446335636,-4.963945390547142
2023-10-31,9.529189993922781,1.7585741847346625
2023-11-01,8.623940703578032,2.4209015395530997
2023-11-02,5.685228727689394,6.059602465041181
2023-11-03,6.188429017207532,0.6249022547667238
2023-11-06,5.124207916598181,-0.26863988836565156
2023-11-07,4.8914996955032155,1.3315414123341363
2023-11-08,4.454586356913424,-0.058504535770165234
2023-11-09,6.81408185765087,-5.677187492046265
2023-11-10,5.962074620247961,2.2659188362962546
2023-11-13,6.479915365298011,4.111074131461034
2023-11-14,5.806196015058978,5.944061367948361
2023-11-15,6.169216799733222,2.305772643687387
2023-11-16,5.938408791595146,-3.9793452387923978
2023-11-17,6.159916867128166,0.3804968144197396
2023-11-20,5.426399978422081,0.5659228345605172
2023-11-21,5.402801043259772,2.335878750477516
2023-11-22,6.23558419675341,-2.950885530238523
2023-11-24,3.5542846195576328,0.5513408961563826
2023-11-27,5.076865564120008,0.24595042505985987
2023-11-28,5.70390549292057,4.40373525144464
2023-11-29,5.300522165402171,-1.0490924382069444
2023-11-30,6.944709928001323,-1.6726251016279114
2023-12-01,6.942059493541543,-0.5742881578077785
2023-12-04,5.431884579959895,-1.340943559052299
2023-12-05,5.664361736456764,1.3828213602422146
2023-12-06,5.611012492527618,0.25089918656515664
2023-12-07,4.280607138265312,1.298746497268688
2023-12-08,4.184890180579139,0.47296968631638237
2023-12-11,3.9381646229907337,-1.6965690168540881
2023-12-12,3.299194898416312,-1.103638905964477
2023-12-13,6.1669953521312575,0.9574675253477771
2023-12-14,5.391794267743576,4.8457748790467825
2023-12-15,6.052096599625895,0.8524186811575518
2023-12-18,3.6074189021464433,-0.5006590251485754
2023-12-19,3.00186756821918,2.026658529394254
2023-12-20,4.8588338999816125,-3.9920038088212095
2023-12-21,3.817245928529097,2.950419327414977
2023-12-22,3.2200522497379565,-0.7849055225489288
2023-12-26,1.9275764778484148,1.6260520871780315
2023-12-27,2.47184612924486,1.8833529810760474
2023-12-28,2.9558408790937456,-3.2484012423054764
2023-12-29,3.011109044240435,-1.87770869917383
2024-01-02,4.954308894337785,-0.012073649275112786
2024-01-03,5.355888831219319,-4.131095865990808
2024-01-04,4.76915144827722,-0.174225214360213
2024-01-05,4.071300039889825,-0.23558127928700046
2024-01-08,3.108608714381428,1.2514550686956838
2024-01-09,3.5701452944256507,-2.3397801939172957
2024-01-10,3.3941394966447684,-0.41386725741325847
2024-01-11,5.67612876638233,-2.8932208221044142
2024-01-12,5.111827737043967,-3.780634547750683
2024-01-16,5.098049990292675,0.5469725109566781
2024-01-17,5.020600877669387,-2.0250020420335524
2024-01-18,5.036088886375227,-1.7406391185132541
2024-01-19,4.2542095006348015,0.12736151159087328
2024-01-22,6.2307832862247245,-1.6349397017519252
2024-01-23,4.972587900074379,0.20105320319689923
2024-01-24,5.051547552755877,-0.6284350633581681
2024-01-25,11.668166397958627,-12.922334749118392
2024-01-26,6.394574273659844,0.3334885413119437
2024-01-29,5.326122925729988,4.140254859465564
2024-01-30,4.983816068143525,0.331970035504181
2024-01-31,9.130336209033198,-2.307205792269862
2024-02-01,5.483079579288382,0.8350446097339592
2024-02-02,5.812836301276799,-0.5044481691422575
2024-02-05,6.569952208554991,-3.6981008632126056
2024-02-06,6.92838721685673,2.217942988077315
2024-02-07,6.405186680566723,1.32566009527606
2024-02-08,3.8705731241998516,1.0026343243223934
2024-02-09,3.743722473082491,2.1488235910299913
2024-02-12,5.296883539690828,-2.8772553928624767
2024-02-13,5.507836856775897,-2.174203164918165
2024-02-14,3.61193477165342,2.503316714102688
2024-02-15,4.450945629119179,6.063241525295826
2024-02-16,5.8939295551971025,-0.25970148941771853
2024-02-20,6.539932906899528,-3.1495466584420484
2024-02-21,6.220234005545901,0.550682022585125
2024-02-22,4.849393392103923,1.249601856853566
2024-02-23,4.286919001427886,-2.7596108975438405
2024-02-26,5.552120646229634,3.803361706764896
2024-02-27,6.94924897480513,0.19042852159003587
2024-02-28,5.096213511523921,1.174610359458672
2024-02-29,4.5504984044272305,-0.16837521929655708
2024-03-01,3.570416617475664,0.43027836606279735
2024-03-04,5.293700536408547,-7.4195289333432335
2024-03-05,7.152493587811122,-4.007150550493144
2024-03-06,6.609317471599511,-2.379398466552285
2024-03-07,5.9237242216353225,1.1827792069047938
2024-03-08,6.4146425920463965,-1.847875596036186
2024-03-11,6.9412715879660185,1.4101890210955759
2024-03-12,5.553240866916569,-0.19702221465198733
2024-03-13,6.244579880074135,-4.600765251650962
2024-03-14,7.088429772435362,-4.180828128004865
2024-03-15,4.959658620219853,0.637765085616504
2024-03-18,5.45082955913066,6.105961778789748
2024-03-19,5.233293349503964,-1.4889762646807192
2024-03-20,6.762165546688192,2.53586663604084
2024-03-21,4.714387431262022,-1.6814834782548083
2024-03-22,5.013087881703076,-1.17300837071177
2024-03-25,5.061384263080009,1.0919523218088756
2024-03-26,7.104420570258259,2.8717755750170326
2024-03-27,4.356125798300632,1.2472546262356055
2024-03-28,4.89874676117649,-2.333729777217286
2024-04-01,4.456923801005394,-0.3647974861747727
2024-04-02,10.555600235495614,-4.987572348186475
2024-04-03,5.043508124616555,1.080575273522033
2024-04-04,5.309895892640115,1.6255732239609522
2024-04-05,20.33861268123567,-3.731798514201934
2024-04-08,7.680088068812143,4.777893949027856
2024-04-09,6.163406762020316,2.2805549278138493
2024-04-10,6.319683428718151,-2.9767345685035806
2024-04-11,4.7686752636848535,1.6341270756567106
2024-04-12,4.325247276034892,-2.0366360046793375
2024-04-15,4.788429017129832,-5.793578615442385
2024-04-16,7.872872228901747,-2.740843708688434
2024-04-17,5.072761224445319,-1.0527255048215167
2024-04-18,5.739166104348695,-3.6691746933351865
2024-04-19,5.848810519746677,-1.8999426189891366
2024-04-22,9.017799608481598,-3.4248738061955386
2024-04-23,5.8682892640744555,1.8411845865915488
2024-04-24,13.388910693340534,11.391342798138115
2024-04-25,9.393729411094474,4.8622777298339415
2024-04-26,8.989871094145682,-1.1787259264325556
2024-04-29,18.034692694386404,14.32018756530491
2024-04-30,9.478230378685485,-5.704026478114077
2024-05-01,12.404300601322761,-1.868544574699449
2024-05-02,6.69630686814826,0.0111104938729234
2024-05-03,5.719338462905,0.6643806964975241
2024-05-06,3.886473045568338,1.9616507503750213
2024-05-07,3.5256582937911913,-3.8950201614315283
2024-05-08,4.023472036887651,-1.7078913813401542
2024-05-09,2.8502416829218475,-1.5920963887197992
2024-05-10,3.2038381381223635,-2.0383095770299064
2024-05-13,3.4598657551437095,1.9801463694343546
2024-05-14,4.424887516393443,3.234304981191194
2024-05-15,3.8000934388446606,-1.9624645051129264
2024-05-16,2.8423066933716745,0.44134998418075
2024-05-17,3.3034458300582776,1.5267472130788384
2024-05-20,2.7771178128084637,-1.45242539620547
2024-05-21,4.4134772723279605,6.472423940349614
2024-05-22,5.143954122424597,-3.538407134289212
2024-05-23,4.0770828195463995,-3.6451920906948487
2024-05-24,3.723467002838377,3.1500451779312932
2024-05-28,3.7681677457381793,-1.4437236409381882
2024-05-29,4.106429476583656,-0.3060185999167686
2024-05-30,5.41245397973394,1.48726756974078
2024-05-31,5.291900643577364,-0.39500828770302476
2024-06-03,7.570799976940485,-0.9901489940641994
2024-06-04,7.218454947491141,-0.9342135731325918
2024-06-05,4.258531337863176,0.1315451017565472
2024-06-06,4.502533322391756,1.7001429569328153
2024-06-07,4.600104185146988,-0.2813574530649454
2024-06-10,3.854975179310366,-2.078248283180262
2024-06-11,4.468565469278843,-1.846527903621542
2024-06-12,9.135811833711767,3.8063695873063352
2024-06-13,10.152808175882745,2.9517720701528916
2024-06-14,5.807503290556143,-2.53515171751042
2024-06-17,6.458433889637933,5.19448041158439
2024-06-18,4.514865410216037,-1.369479795772044
2024-06-20,4.181524583592128,-1.839119750852003
2024-06-21,4.796018751503969,0.8118530603168139
2024-06-24,4.780434794259104,-0.20782069278997284
2024-06-25,4.038243823168402,2.5512139259508793
2024-06-26,6.156597697084212,4.686199423909709
2024-06-27,5.731728649658968,0.5383456373998285
2024-06-28,6.664281971276094,0.2882939558397801
2024-07-01,8.72210853148064,5.8364196132052015
2024-07-02,11.670252912519324,9.695463231269308
2024-07-03,9.188380929534453,6.38572669547619
2024-07-05,11.906439620183964,1.9999863445751664
2024-07-08,9.76424187651952,0.5472078367568578
2024-07-09,9.372183886948747,3.6993098192510843
2024-07-10,8.507639550942665,0.28920450919560636
2024-07-11,27.667663834339212,-8.833528301630889
2024-07-12,14.129682028684435,3.017276433860072
2024-07-15,14.668285334871706,1.7684032680871375
2024-07-16,10.034138492873941,1.5001852192980891
2024-07-17,11.659450256499442,-3.2202715271925975
2024-07-18,11.677062191114183,0.29342626113662007
2024-07-19,9.284624941040512,-4.1424222782961095
2024-07-22,8.055958170312891,5.156726957045876
2024-07-23,8.243474382320558,-2.116077431838903
2024-07-24,12.369095499172293,-13.416929938418942
2024-07-25,14.312886397736216,2.1895167003956217
2024-07-26,10.53429484233755,-0.18177691894702974
2024-07-29,8.642286467853381,5.422281765357262
2024-07-30,8.51269831516819,-4.15223689798303
2024-07-31,6.918449507973504,4.15223689798303
2024-08-01,8.58694464236962,-6.768579231484662
2024-08-02,13.540070303301041,-4.348408744981924
2024-08-05,27.862638511640878,-4.334708859431569
2024-08-06,14.666049277621996,0.7414492160743968
2024-08-07,10.60843308135504,-4.402986279072341
2024-08-08,7.953674503615009,3.7469835259384077
2024-08-09,6.846968003460879,0.47615557471809566
2024-08-12,4.981372521633162,-1.263005190733324
2024-08-13,4.820943921957814,5.156417120734069
2024-08-14,5.288139712697598,-3.2107133770942653
2024-08-15,4.5138825461717484,6.200253111580256
2024-08-16,4.573303336977365,0.8736927033002218
2024-08-19,5.332109891539582,3.062021617675015
2024-08-20,6.36960503956401,-0.7974631705597979
2024-08-21,6.607128012557745,0.9991981592912147
2024-08-22,6.45860525737972,-5.808351620089081
2024-08-23,7.331319048143904,4.464778658543533
2024-08-26,4.28920944589829,-3.26173534699139
2024-08-27,5.829301579927736,-1.9462223788142552
2024-08-28,6.776860325776314,-1.7023534585407063
2024-08-29,7.317817103706342,0.349582799207937
2024-08-30,6.047235334498255,3.73417306093895
2024-09-03,9.747214863473097,-1.6524632774083337
2024-09-04,8.253441127705523,4.087895672584718
2024-09-05,9.44735652945124,4.769375020135946
2024-09-06,12.820410340038638,-8.859644213720497
2024-09-09,7.215095875467572,2.7276440224079934
2024-09-10,7.1501198658530125,4.363400164296483
2024-09-11,7.128554654271776,0.8871141307968955
2024-09-12,7.640444196926024,0.7249573195402981
2024-09-13,5.775006312636476,0.1956224676703755
2024-09-16,4.827302101888606,-1.5228720701824017
2024-09-17,5.490425715162015,0.4882671850985787
2024-09-18,11.588247660058801,-0.3076384600839255
2024-09-19,5.452396929683504,7.084862463274977
2024-09-20,5.254151484128208,-2.2979028512483346
2024-09-23,4.7170597928157845,4.776464914811829
2024-09-24,5.399897050740959,1.6975777506223366
2024-09-25,3.3061959180589953,1.0757208310546496
2024-09-26,5.136206885055836,-1.0875200090588955
2024-09-27,4.7251744961505,2.420898862543819
2024-09-30,5.288005481823198,0.45964764728188
2024-10-01,6.96520520106062,-1.408582402626024
2024-10-02,8.872964000221705,-3.536474083254326
2024-10-03,6.43590595989493,-3.429000727874154
2024-10-04,4.859806446808379,3.835729331773585
2024-10-07,4.662785558991728,-3.740200489337564
2024-10-08,4.0225189310676015,1.4998220987046729
2024-10-09,4.77353803528226,-1.4500171669870277
2024-10-10,6.889705199060979,-0.925430757341239
2024-10-11,8.698430087370683,-9.233279235124314
2024-10-14,4.963540446882597,0.6592223104215478
2024-10-15,5.481094502543675,0.21877857404568601
2024-10-16,4.518794161499531,0.7619775619237323
2024-10-17,3.3444809609338475,-0.1944777981173651
2024-10-18,3.1981923394462974,-0.07699101397049546
2024-10-21,2.4354562294216873,-0.846267391873301
2024-10-22,2.2803326058414606,-0.4212460441557653
2024-10-23,2.5802785102170143,-1.96466332236378
2024-10-24,6.9402719899912135,19.825999864287613
2024-10-25,7.356256056873624,3.262143680259477
2024-10-28,7.131858442913198,-2.4860717358116347
2024-10-29,4.833868192056889,-1.1798642903520395
2024-10-30,4.332668853651191,-0.7406653405000796
2024-10-31,4.84710741820521,-3.104829391039221
2024-11-01,4.589873122185913,-0.2887393728835619
2024-11-04,5.019779211496735,-2.5008927672953263
2024-11-05,4.700542192363934,3.495925852612203
2024-11-06,14.417944346550907,13.727452745756352
2024-11-07,7.331022793183831,2.8481829576847417
2024-11-08,14.452839018991536,7.921568176952576
2024-11-11,28.838266782665677,8.722792165086712
2024-11-12,18.637606342619097,-6.555353090630778
2024-11-13,12.700354242068785,0.592139956494453
2024-11-14,12.922639310704385,-5.988879704949834
2024-11-15,12.503740659439606,3.0953797296182195
2024-11-18,11.7361377371332,5.440342160291856
2024-11-19,7.250866260292633,2.0912587815379524
2024-11-20,6.200129403757007,-1.1716783021335608
2024-11-21,7.4568064378679715,-0.6866828637770439
2024-11-22,9.27905979195639,3.7877735110567023
2024-11-25,11.524836510819368,-4.050190550679211
2024-11-26,9.423828133201596,-0.12112082543049851
2024-11-27,7.100923262995241,-1.6361319214120762
2024-11-29,2.4220243104455816,3.6407348576942944
2024-12-02,6.2499400950396335,3.4064752419234345
2024-12-03,4.6235507476066475,-1.6147139818825984
2024-12-04,3.2407278140528386,1.8412779991926698
2024-12-05,7.059159628427051,3.177358135881647
2024-12-06,4.229403864550417,5.252401383746275
2024-12-09,11.18207622386256,0.14242549128917759
2024-12-10,8.585610006076962,2.778044232533894
2024-12-11,8.29792315374588,5.794791271540767
2024-12-12,8.17813735943709,-1.7020172302433245
2024-12-13,6.463267966751502,4.333839765179626
2024-12-16,7.472892902962513,5.975711137517781
2024-12-17,17.004814299018776,3.5596834887165585
2024-12-18,28.95384274370654,-8.636173668378166
2024-12-19,23.529934535417677,-0.9060989311493906
2024-12-20,17.632015446883443,-3.6279335252635825
2024-12-23,10.308416809542276,2.3472994814267345
2024-12-24,5.054180534406462,7.191931146054564
2024-12-26,7.770679028233663,-1.9113031097407251
2024-12-27,7.831079507897019,-5.050985504895866
2024-12-30,9.161052278619595,-3.3945494988814495
2024-12-31,10.364957917348956,-3.3030346798836874
